sym,name,rank,mcap_b,yahoo,tv,source,err,link,dot_last2,dot_bar,wt2_trough,wt2_now,close,zone_low,zone_top,pct_of_range,wk_wt2,bar_close,in_zone,pass_4h,pass_wk,flag,bucket
BTC,Bitcoin,1.0,1547.52,BTC-USD,COINBASE:BTCUSD,coinbase,,https://www.tradingview.com/chart/?symbol=COINBASE%3ABTCUSD,False,,-74.54687447846624,-51.23951387641008,77257.36,62471.53,67025.6102,0.7662262689181453,25.37783480505942,2026-09-11 16:00,False,False,False,False,
ETH,Ethereum,2.0,306.88,ETH-USD,COINBASE:ETHUSD,coinbase,,https://www.tradingview.com/chart/?symbol=COINBASE%3AETHUSD,False,,-54.043553670920176,-2.098955799136897,2539.33,1835.55,2006.237,0.9730798479087449,44.885731005214836,2026-09-11 16:00,False,False,False,False,
BNB,BNB,4.0,96.38,BNB-USD,COINBASE:BNBUSD,coinbase,,https://www.tradingview.com/chart/?symbol=COINBASE%3ABNBUSD,False,,-66.06906972943729,-38.03477238089483,725.06,567.81,616.38824,0.7639428682471822,36.81899439417238,2026-09-11 16:00,False,False,False,False,
XRP,XRP,5.0,84.9,XRP-USD,COINBASE:XRPUSD,coinbase,,https://www.tradingview.com/chart/?symbol=COINBASE%3AXRPUSD,False,,-62.66452004237035,-48.750179148852546,1.361,0.9904,1.1257224,0.6463201953261248,0.901184982450704,2026-09-11 16:00,False,False,False,False,
SOL,Solana,7.0,59.77,SOL-USD,COINBASE:SOLUSD,coinbase,,https://www.tradingview.com/chart/?symbol=COINBASE%3ASOLUSD,False,,-73.4588256472244,-45.075260555979014,101.99,71.2,80.21284,0.8062319979052106,39.74549968140939,2026-09-11 16:00,False,False,False,False,
ZEC,Zcash,10.0,19.65,ZEC-USD,COINBASE:ZECUSD,coinbase,,https://www.tradingview.com/chart/?symbol=COINBASE%3AZECUSD,False,,-42.627129039056804,-33.213594690599315,1176.4,453.35,646.3389999999999,0.8841944359523084,82.39160215049019,2026-09-11 16:00,False,False,False,False,
HYPE,Hyperliquid,11.0,17.62,HYPE-USD,COINBASE:HYPEUSD,coinbase,,https://www.tradingview.com/chart/?symbol=COINBASE%3AHYPEUSD,False,,-72.59000795107441,-54.65413109418202,80.77,51.33,60.11391999999999,0.7909725953788286,50.4795458418596,2026-09-11 16:00,False,False,False,False,
DOGE,Dogecoin,12.0,13.07,DOGE-USD,COINBASE:DOGEUSD,coinbase,,https://www.tradingview.com/chart/?symbol=COINBASE%3ADOGEUSD,False,,-65.33602188590172,-46.64720314836702,0.08448,0.06843,0.07485864,0.5892070484581495,-10.632014440190781,2026-09-11 16:00,False,False,False,False,
LINK,Chainlink,17.0,8.6,LINK-USD,COINBASE:LINKUSD,coinbase,,https://www.tradingview.com/chart/?symbol=COINBASE%3ALINKUSD,False,,-63.90473989483555,-50.0547464652115,11.606,7.998,9.234404,0.6886810460011452,52.74383691916342,2026-09-11 16:00,False,False,False,False,
ADA,Cardano,19.0,7.68,ADA-USD,COINBASE:ADAUSD,coinbase,,https://www.tradingview.com/chart/?symbol=COINBASE%3AADAUSD,True,2026-09-11 12:00,-68.3190164116425,-62.0588615167434,0.20604,0.1619,0.18124491999999998,0.5384896913504942,6.074931200954502,2026-09-11 16:00,False,True,False,False,
XLM,Stellar,20.0,6.19,XLM-USD,COINBASE:XLMUSD,coinbase,,https://www.tradingview.com/chart/?symbol=COINBASE%3AXLMUSD,False,,-70.86263415947582,-51.619490384557274,0.178701,0.153485,0.16755366800000002,0.4229949843155015,-13.17889150621186,2026-09-11 16:00,False,False,False,False,
BCH,Bitcoin Cash,23.0,4.55,BCH-USD,COINBASE:BCHUSD,coinbase,,https://www.tradingview.com/chart/?symbol=COINBASE%3ABCHUSD,False,,-93.29649170672356,-73.59705275270659,228.52,201.28,223.67876,0.2870087451269625,-22.433643287212817,2026-09-11 16:00,False,False,False,False,
LTC,Litecoin,25.0,4.11,LTC-USD,COINBASE:LTCUSD,coinbase,,https://www.tradingview.com/chart/?symbol=COINBASE%3ALTCUSD,False,,-67.5492434791823,-26.122033948149948,53.474,43.6,46.494776,0.8049894015979127,9.82921707564794,2026-09-11 16:00,False,False,False,False,
UNI,Uniswap,28.0,3.74,UNI-USD,COINBASE:UNIUSD,coinbase,,https://www.tradingview.com/chart/?symbol=COINBASE%3AUNIUSD,False,,-74.74654329190571,-42.81516313294794,6.0766,3.1958,4.1625268,0.7032688035544272,65.47117713710958,2026-09-11 16:00,False,False,False,False,
AVAX,Avalanche,30.0,3.28,AVAX-USD,COINBASE:AVAXUSD,coinbase,,https://www.tradingview.com/chart/?symbol=COINBASE%3AAVAXUSD,True,2026-09-11 12:00,-73.04671634940625,-64.82498386311657,7.467,6.12,6.588696,0.6782477341389727,-9.763949634881563,2026-09-11 16:00,False,True,False,False,
HBAR,Hedera,31.0,3.25,HBAR-USD,COINBASE:HBARUSD,coinbase,,https://www.tradingview.com/chart/?symbol=COINBASE%3AHBARUSD,True,2026-09-11 12:00,-68.92580030035992,-59.95104333613202,0.07445,0.06461,0.069035,0.5248,-20.23303521266999,2026-09-11 16:00,False,True,False,False,
NEAR,NEAR Protocol,32.0,3.16,NEAR-USD,COINBASE:NEARUSD,coinbase,,https://www.tradingview.com/chart/?symbol=COINBASE%3ANEARUSD,False,,16.503830038445283,36.65309511301448,2.5072,1.5464,1.7999348,0.8943498091780697,14.985849625556767,2026-09-11 16:00,False,False,False,False,
SHIB,Shiba Inu,33.0,3.02,SHIB-USD,COINBASE:SHIBUSD,coinbase,,https://www.tradingview.com/chart/?symbol=COINBASE%3ASHIBUSD,False,,-85.23761022745215,-51.780833288852534,5.17e-06,4.36e-06,4.7588399999999995e-06,0.4792899408284023,0.2257915519906725,2026-09-11 16:00,False,False,False,False,
SUI,Sui,34.0,2.96,SUI-USD,COINBASE:SUIUSD,coinbase,,https://www.tradingview.com/chart/?symbol=COINBASE%3ASUIUSD,False,,-74.1643870158831,-64.82203383267266,0.727,0.6455,0.7085592,0.3050149700598803,-19.293955962588296,2026-09-11 16:00,False,False,False,False,
CRO,Cronos,37.0,2.73,CRO-USD,COINBASE:CROUSD,coinbase,,https://www.tradingview.com/chart/?symbol=COINBASE%3ACROUSD,False,,-43.92564481709963,-36.94469618926342,0.05641,0.04589,0.0500318,0.5994301994301997,-31.778080451021577,2026-09-11 16:00,False,False,False,False,
TAO,Bittensor,43.0,2.25,TAO-USD,COINBASE:TAOUSD,coinbase,,https://www.tradingview.com/chart/?symbol=COINBASE%3ATAOUSD,False,,-70.16299868762543,-64.48388100646152,236.14,187.83,207.1466,0.5902260232131946,-4.11808472835617,2026-09-11 16:00,False,False,False,False,
AAVE,Aave,45.0,1.91,AAVE-USD,COINBASE:AAVEUSD,coinbase,,https://www.tradingview.com/chart/?symbol=COINBASE%3AAAVEUSD,False,,-79.40387384012728,-44.5859823640618,124.61,85.93,99.05160000000001,0.69568345323741,50.52455523243295,2026-09-11 16:00,False,False,False,False,
ASTER,Aster,48.0,1.83,ASTER-USD,COINBASE:ASTERUSD,coinbase,,https://www.tradingview.com/chart/?symbol=COINBASE%3AASTERUSD,False,,-77.83572773477748,-66.34736193611766,0.6797,0.596,0.6471176,0.3864265927977839,11.593102928100699,2026-09-11 16:00,False,False,False,False,
DOT,Polkadot,49.0,1.76,DOT-USD,COINBASE:DOTUSD,coinbase,,https://www.tradingview.com/chart/?symbol=COINBASE%3ADOTUSD,False,,-21.254996254104714,-21.254996254104714,1.0471,0.731,0.8525636,0.6136672490778489,-25.617664050238186,2026-09-11 16:00,False,False,False,False,
WLFI,World Liberty Financial,50.0,1.73,WLFI-USD,COINBASE:WLFIUSD,coinbase,,https://www.tradingview.com/chart/?symbol=COINBASE%3AWLFIUSD,False,,-59.7674538458027,-59.7674538458027,0.05404,0.05115,0.054543680000000004,0.20097357440890096,-25.72177486429675,2026-09-11 16:00,True,False,False,False,
ONDO,Ondo,51.0,1.69,ONDO-USD,COINBASE:ONDOUSD,coinbase,,https://www.tradingview.com/chart/?symbol=COINBASE%3AONDOUSD,False,,-80.8317477260865,-50.83936731170376,0.35249,0.32325,0.34637328,0.2984282506634011,20.525747394853465,2026-09-11 16:00,False,False,False,False,
MORPHO,Morpho,52.0,1.58,MORPHO-USD,COINBASE:MORPHOUSD,coinbase,,https://www.tradingview.com/chart/?symbol=COINBASE%3AMORPHOUSD,False,,-60.47351389345625,-9.985822824165588,2.3262,1.8382,2.0885724,0.45998680365727224,62.20557224781883,2026-09-11 16:00,False,False,False,False,
ICP,Internet Computer,53.0,1.51,ICP-USD,COINBASE:ICPUSD,coinbase,,https://www.tradingview.com/chart/?symbol=COINBASE%3AICPUSD,False,,-42.66965586762965,-31.634069670514112,2.7649,2.021,2.260186,0.7339911198815984,8.691921276911861,2026-09-11 16:00,False,False,False,False,
PUMP,Pump.fun,56.0,1.47,PUMP-USD,COINBASE:PUMPUSD,coinbase,,https://www.tradingview.com/chart/?symbol=COINBASE%3APUMPUSD,False,,-50.37097955997868,-50.37097955997868,0.003598,0.001858,0.002675504,0.5023094688221709,73.00545869858604,2026-09-11 16:00,False,False,False,False,
WLD,Worldcoin,57.0,1.45,WLD-USD,COINBASE:WLDUSD,coinbase,,https://www.tradingview.com/chart/?symbol=COINBASE%3AWLDUSD,False,,-53.61371256045636,-43.21203865424244,0.4018,0.2978,0.3425928,0.547945205479452,0.00837532176324333,2026-09-11 16:00,False,False,False,False,
SKY,Sky,58.0,1.43,SKY-USD,COINBASE:SKYUSD,coinbase,,https://www.tradingview.com/chart/?symbol=COINBASE%3ASKYUSD,False,,-81.24139807774499,-53.48339622642013,0.06103,0.0508,0.056065159999999996,0.458538771851188,1.224781427039681,2026-09-11 16:00,False,False,False,False,
ENA,Ethena,59.0,1.4,ENA-USD,COINBASE:ENAUSD,coinbase,,https://www.tradingview.com/chart/?symbol=COINBASE%3AENAUSD,False,,-67.50908183268989,-52.53774191350158,0.1425,0.0778,0.10139999999999999,0.6469999999999998,44.34874660675772,2026-09-11 16:00,False,False,False,False,
PEPE,Pepe,61.0,1.38,PEPE-USD,COINBASE:PEPEUSD,coinbase,,https://www.tradingview.com/chart/?symbol=COINBASE%3APEPEUSD,False,,-58.747798466839335,-47.375284626526536,3.3e-06,2.55e-06,2.94884e-06,0.44378698224852076,13.27054414299115,2026-09-11 16:00,False,False,False,False,
ETC,Ethereum Classic,68.0,1.2,ETC-USD,COINBASE:ETCUSD,coinbase,,https://www.tradingview.com/chart/?symbol=COINBASE%3AETCUSD,False,,-44.30979473321398,-40.327403480161735,7.68,6.04,6.705048,0.5819730305180977,-13.7453668393861,2026-09-11 16:00,False,False,False,False,
VVV,Venice Token,69.0,1.15,VVV-USD,COINBASE:VVVUSD,coinbase,,https://www.tradingview.com/chart/?symbol=COINBASE%3AVVVUSD,False,,21.315379645065192,31.85780109078185,24.084,11.1241,15.0472696,0.7796085083856688,40.88691321240878,2026-09-11 16:00,False,False,False,False,
POL,POL (ex-MATIC),72.0,1.03,POL-USD,COINBASE:POLUSD,coinbase,,https://www.tradingview.com/chart/?symbol=COINBASE%3APOLUSD,False,,-52.74476434604252,-26.790426445468814,0.09611,0.0709,0.08357084000000001,0.4695474017507915,15.600233810101528,2026-09-11 16:00,False,False,False,False,
ARB,Arbitrum,77.0,0.92,ARB-USD,COINBASE:ARBUSD,coinbase,,https://www.tradingview.com/chart/?symbol=COINBASE%3AARBUSD,False,,-62.47918201857001,-56.82278137440375,0.14155,0.07246,0.10296536,0.5345041002630357,9.07448890186991,2026-09-11 16:00,False,False,False,False,
QNT,Quant,78.0,0.92,QNT-USD,COINBASE:QNTUSD,coinbase,,https://www.tradingview.com/chart/?symbol=COINBASE%3AQNTUSD,True,2026-09-11 12:00,-55.42927954528354,-55.42927954528354,64.1,55.67,58.858360000000005,0.6239822353811983,-37.500050966478646,2026-09-11 16:00,False,False,False,False,
ATOM,Cosmos Hub,81.0,0.87,ATOM-USD,COINBASE:ATOMUSD,coinbase,,https://www.tradingview.com/chart/?symbol=COINBASE%3AATOMUSD,False,,-37.943051742996666,-37.943051742996666,1.6481,1.219,1.3787012,0.6341066942515146,-27.510030358546903,2026-09-11 16:00,False,False,False,False,
ALGO,Algorand,82.0,0.85,ALGO-USD,COINBASE:ALGOUSD,coinbase,,https://www.tradingview.com/chart/?symbol=COINBASE%3AALGOUSD,True,2026-09-11 16:00,-65.31000304222142,-63.56483393725774,0.09262,0.076,0.0823484,0.6178438661710034,-16.905871191533837,2026-09-11 16:00,False,True,False,False,
RENDER,Render,88.0,0.72,RENDER-USD,COINBASE:RENDERUSD,coinbase,,https://www.tradingview.com/chart/?symbol=COINBASE%3ARENDERUSD,False,,-67.53802118907846,-58.615606605131056,1.3967,1.24,1.32319,0.44453900709219873,-35.17656229892784,2026-09-11 16:00,False,False,False,False,
DASH,Dash,89.0,0.71,DASH-USD,COINBASE:DASHUSD,coinbase,,https://www.tradingview.com/chart/?symbol=COINBASE%3ADASHUSD,False,,-66.27405292019627,-50.15887680051452,56.43,29.54,39.41188,0.6428400669376045,19.09694973513023,2026-09-11 16:00,False,False,False,False,
CAKE,PancakeSwap,92.0,0.7,CAKE-USD,COINBASE:CAKEUSD,coinbase,,https://www.tradingview.com/chart/?symbol=COINBASE%3ACAKEUSD,False,,-62.13562377392768,-39.14958356623374,2.177,1.361,1.601484,0.800785083415113,75.64554766258071,2026-09-11 16:00,False,False,False,False,
ETHFI,Ether.fi,93.0,0.66,ETHFI-USD,COINBASE:ETHFIUSD,coinbase,,https://www.tradingview.com/chart/?symbol=COINBASE%3AETHFIUSD,False,,62.29303330483939,62.29303330483939,0.69,0.351,0.434544,0.9576271186440678,49.97797049746674,2026-09-11 16:00,False,False,False,False,
FIL,Filecoin,94.0,0.64,FIL-USD,COINBASE:FILUSD,coinbase,,https://www.tradingview.com/chart/?symbol=COINBASE%3AFILUSD,False,,-60.21014613999359,-52.361245090712885,0.7835,0.615,0.6738111999999999,0.6761637239165329,-33.51494767029562,2026-09-11 16:00,False,False,False,False,
VET,VeChain,95.0,0.63,VET-USD,COINBASE:VETUSD,coinbase,,https://www.tradingview.com/chart/?symbol=COINBASE%3AVETUSD,False,,-22.52782129936142,-22.52782129936142,0.007357,0.00438,0.005267596,0.7915448019143843,8.441624340888696,2026-09-11 16:00,False,False,False,False,
INJ,Injective,97.0,0.58,INJ-USD,COINBASE:INJUSD,coinbase,,https://www.tradingview.com/chart/?symbol=COINBASE%3AINJUSD,False,,-36.8744044801067,-36.8744044801067,5.88,4.018,4.605168,0.7483922829581993,20.279277755103774,2026-09-11 16:00,False,False,False,False,
AERO,Aerodrome Finance,98.0,0.56,AERO-USD,COINBASE:AEROUSD,coinbase,,https://www.tradingview.com/chart/?symbol=COINBASE%3AAEROUSD,False,,-43.12883574017062,-18.958995089905912,0.58117,0.39006,0.45643264,0.67952638316029,24.68015818402293,2026-09-11 16:00,False,False,False,False,
FLR,Flare,100.0,0.55,FLR-USD,COINBASE:FLRUSD,coinbase,,https://www.tradingview.com/chart/?symbol=COINBASE%3AFLRUSD,False,,-68.45474501445709,-56.722071588452195,0.006351,0.00587,0.006283,0.2748571428571427,-32.732687739407034,2026-09-11 16:00,False,False,False,False,
TRUMP,Official Trump,102.0,0.54,TRUMP-USD,COINBASE:TRUMPUSD,coinbase,,https://www.tradingview.com/chart/?symbol=COINBASE%3ATRUMPUSD,False,,-86.43173796408946,-58.97263194934535,1.976,1.38,1.7269199999999998,0.4054421768707483,-0.8953911633782995,2026-09-11 16:00,False,False,False,False,
CRV,Curve DAO,104.0,0.52,CRV-USD,COINBASE:CRVUSD,coinbase,,https://www.tradingview.com/chart/?symbol=COINBASE%3ACRVUSD,False,,-72.47012035488912,-51.26128175942889,0.3398,0.1998,0.243696,0.7526881720430108,57.773372121371665,2026-09-11 16:00,False,False,False,False,
APT,Aptos,105.0,0.51,APT-USD,COINBASE:APTUSD,coinbase,,https://www.tradingview.com/chart/?symbol=COINBASE%3AAPTUSD,False,,-27.924784195864788,-27.924784195864788,0.6039,0.5174,0.5564108,0.5232909860859045,-39.48724112487245,2026-09-11 16:00,False,False,False,False,
STX,Stacks,111.0,0.47,STX-USD,COINBASE:STXUSD,coinbase,,https://www.tradingview.com/chart/?symbol=COINBASE%3ASTXUSD,True,2026-09-11 12:00,-76.140072694958,-68.85342524984311,0.2543,0.1176,0.1569884,0.819053325344518,-3.478888425385028,2026-09-11 16:00,False,True,False,False,
SPX,SPX6900,114.0,0.45,SPX-USD,COINBASE:SPXUSD,coinbase,,https://www.tradingview.com/chart/?symbol=COINBASE%3ASPXUSD,False,,-68.48287901626921,-40.54805202472084,0.4914,0.3109,0.392084,0.5247093023255813,37.55666421218755,2026-09-11 16:00,False,False,False,False,
PENGU,Pudgy Penguins,115.0,0.45,PENGU-USD,COINBASE:PENGUUSD,coinbase,,https://www.tradingview.com/chart/?symbol=COINBASE%3APENGUUSD,False,,-74.08611992658749,-57.67647538478431,0.00728,0.00571,0.006756424,0.3540820929183582,16.130353283663563,2026-09-11 16:00,False,False,False,False,
RAY,Raydium,116.0,0.45,RAY-USD,COINBASE:RAYUSD,coinbase,,https://www.tradingview.com/chart/?symbol=COINBASE%3ARAYUSD,False,,50.60527352623732,76.62940620165391,1.61,0.59,0.8336463999999999,0.9879891514916699,37.91823110399969,2026-09-11 16:00,False,False,False,False,
VIRTUAL,Virtuals Protocol,117.0,0.41,VIRTUAL-USD,COINBASE:VIRTUALUSD,coinbase,,https://www.tradingview.com/chart/?symbol=COINBASE%3AVIRTUALUSD,False,,-76.09503719903633,-54.14715020123608,0.636,0.5263,0.5941263999999999,0.38169798190675025,18.7600093940806,2026-09-11 16:00,False,False,False,False,
PYTH,Pyth Network,119.0,0.4,PYTH-USD,COINBASE:PYTHUSD,coinbase,,https://www.tradingview.com/chart/?symbol=COINBASE%3APYTHUSD,False,,-53.026142247335,-43.10081403845399,0.05134,0.0377,0.042710279999999996,0.6424870466321242,28.539025778231036,2026-09-11 16:00,False,False,False,False,
FET,Artificial Superintelligence Alliance,120.0,0.38,FET-USD,COINBASE:FETUSD,coinbase,,https://www.tradingview.com/chart/?symbol=COINBASE%3AFETUSD,False,,-62.008206751276866,-38.23769696111607,0.16768,0.1198,0.13538544,0.7250151423379768,-32.38936218763882,2026-09-11 16:00,False,False,False,False,
PENDLE,Pendle,121.0,0.35,PENDLE-USD,COINBASE:PENDLEUSD,coinbase,,https://www.tradingview.com/chart/?symbol=COINBASE%3APENDLEUSD,False,,-47.38409240726562,-21.202423336419614,2.0165,1.253,1.4835011999999999,0.7817139346779978,33.08210006064336,2026-09-11 16:00,False,False,False,False,
ZRO,LayerZero,122.0,0.35,ZRO-USD,COINBASE:ZROUSD,coinbase,,https://www.tradingview.com/chart/?symbol=COINBASE%3AZROUSD,True,2026-09-11 12:00,-57.153223555825264,-54.97525769251379,0.9985,0.715,0.8480804,0.5027487143110483,-10.377218939878018,2026-09-11 16:00,False,False,False,False,
TIA,Celestia,124.0,0.34,TIA-USD,COINBASE:TIAUSD,coinbase,,https://www.tradingview.com/chart/?symbol=COINBASE%3ATIAUSD,True,2026-09-11 12:00,-60.62170692370554,-57.711611983499274,0.36,0.2945,0.3295224,0.44137466307277623,-9.163493203420577,2026-09-11 16:00,False,True,False,False,
GNO,Gnosis,137.0,0.31,GNO-USD,COINBASE:GNOUSD,coinbase,,https://www.tradingview.com/chart/?symbol=COINBASE%3AGNOUSD,False,,-70.19469162836936,-39.471417658844565,117.36,102.17,108.29184000000001,0.5855821125674631,1.689203744348535,2026-09-11 16:00,False,False,False,False,
LDO,Lido DAO,138.0,0.31,LDO-USD,COINBASE:LDOUSD,coinbase,,https://www.tradingview.com/chart/?symbol=COINBASE%3ALDOUSD,False,,-62.414393435067296,-38.00248012377505,0.37356,0.279,0.31369908,0.6431340542746377,21.557540818315662,2026-09-11 16:00,False,False,False,False,
SEI,Sei,140.0,0.3,SEI-USD,COINBASE:SEIUSD,coinbase,,https://www.tradingview.com/chart/?symbol=COINBASE%3ASEIUSD,False,,-61.81135348747847,-54.6065720240417,0.04458,0.03855,0.04158968,0.46816770186335427,-35.88161981929807,2026-09-11 16:00,False,False,False,False,
XTZ,Tezos,144.0,0.27,XTZ-USD,COINBASE:XTZUSD,coinbase,,https://www.tradingview.com/chart/?symbol=COINBASE%3AXTZUSD,False,,13.524963882075383,13.524963882075383,0.2509,0.1939,0.21181239999999998,0.7509881422924904,-34.92726672675287,2026-09-11 16:00,False,False,False,False,
AI,Artificial Inu,143.0,0.27,AI-USD,COINBASE:AIUSD,coinbase,,https://www.tradingview.com/chart/?symbol=COINBASE%3AAIUSD,False,,-57.95139885686073,-26.47853376742894,0.01987,0.01906,0.0201928,0.16874999999999968,-80.4267009347687,2026-09-11 16:00,True,False,True,False,
MON,Monad,145.0,0.27,MON-USD,COINBASE:MONUSD,coinbase,,https://www.tradingview.com/chart/?symbol=COINBASE%3AMONUSD,False,,-74.4248094827906,-54.451854840515665,0.023558,0.020148,0.02286672,0.29600694444444436,15.2032214031481,2026-09-11 16:00,False,False,False,False,
KITE,Kite,149.0,0.26,KITE-USD,COINBASE:KITEUSD,coinbase,,https://www.tradingview.com/chart/?symbol=COINBASE%3AKITEUSD,False,,-64.59192090171076,-57.07263119082092,0.10887,0.0904,0.10252096,0.3596183800623053,-30.908264365972837,2026-09-11 16:00,False,False,False,False,
SYRUP,Maple Finance,150.0,0.25,SYRUP-USD,COINBASE:SYRUPUSD,coinbase,,https://www.tradingview.com/chart/?symbol=COINBASE%3ASYRUPUSD,False,,-42.1970212884091,-5.277893493735244,0.2193,0.148,0.16865,0.814857142857143,9.172510461938515,2026-09-11 16:00,False,False,False,False,
ENS,Ethereum Name Service,154.0,0.24,ENS-USD,COINBASE:ENSUSD,coinbase,,https://www.tradingview.com/chart/?symbol=COINBASE%3AENSUSD,False,,-58.19827526979595,-37.48057424642952,5.742,3.81,4.421712,0.7453703703703703,2.093764781174088,2026-09-11 16:00,False,False,False,False,
BONK,Bonk,155.0,0.24,BONK-USD,COINBASE:BONKUSD,coinbase,,https://www.tradingview.com/chart/?symbol=COINBASE%3ABONKUSD,False,,-77.3737528044346,-56.00028982697992,2.74e-06,2.22e-06,2.515e-06,0.4160000000000001,-50.589528767747424,2026-09-11 16:00,False,False,False,False,
FLOKI,FLOKI,158.0,0.23,FLOKI-USD,COINBASE:FLOKIUSD,coinbase,,https://www.tradingview.com/chart/?symbol=COINBASE%3AFLOKIUSD,False,,-78.96081029257367,-44.489651903448106,2.457e-05,1.98e-05,2.21364e-05,0.4818181818181818,-14.211098090347804,2026-09-11 16:00,False,False,False,False,
XPL,Plasma,162.0,0.23,XPL-USD,COINBASE:XPLUSD,coinbase,,https://www.tradingview.com/chart/?symbol=COINBASE%3AXPLUSD,False,,-50.814129612566944,-48.05342470501537,0.08329,0.07334,0.08202480000000001,0.2703804347826087,-16.506322773180823,2026-09-11 16:00,False,False,False,False,
JTO,Jito,163.0,0.22,JTO-USD,COINBASE:JTOUSD,coinbase,,https://www.tradingview.com/chart/?symbol=COINBASE%3AJTOUSD,False,,-57.408907281713105,-23.292878310042752,0.4279,0.4019,0.4630004,0.10042487446890698,-15.073452305419275,2026-09-11 16:00,True,False,False,False,
OP,Optimism,166.0,0.22,OP-USD,COINBASE:OPUSD,coinbase,,https://www.tradingview.com/chart/?symbol=COINBASE%3AOPUSD,False,,-71.19175067175122,-54.46494854237045,0.09587,0.08135,0.08967844,0.411448002266931,-25.73111281510315,2026-09-11 16:00,False,False,False,False,
USELESS,Useless Coin,167.0,0.21,USELESS-USD,COINBASE:USELESSUSD,coinbase,,https://www.tradingview.com/chart/?symbol=COINBASE%3AUSELESSUSD,False,,-34.15962113546061,-31.081539057838086,0.21986,0.0336,0.10113375999999999,0.6508946044171094,25.275657809192282,2026-09-11 16:00,False,False,False,False,
EDGE,edgeX,168.0,0.21,EDGE-USD,COINBASE:EDGEUSD,coinbase,,https://www.tradingview.com/chart/?symbol=COINBASE%3AEDGEUSD,False,,-55.19502612473642,-11.636507447900641,0.06923,0.06008,0.0631244,0.7093023255813952,-35.68843654407039,2026-09-11 16:00,False,False,False,False,
STRK,Starknet,170.0,0.2,STRK-USD,COINBASE:STRKUSD,coinbase,,https://www.tradingview.com/chart/?symbol=COINBASE%3ASTRKUSD,False,,-51.04032188610285,-43.30087556579938,0.02915,0.02237,0.02466156,0.698249227600412,-38.24380090807234,2026-09-11 16:00,False,False,False,False,
COMP,Compound,173.0,0.2,COMP-USD,COINBASE:COMPUSD,coinbase,,https://www.tradingview.com/chart/?symbol=COINBASE%3ACOMPUSD,False,,-45.64601423398894,-26.402883645644053,20.4,15.87,17.19868,0.8046181172291295,5.32102453706732,2026-09-11 16:00,False,False,False,False,
JASMY,JasmyCoin,174.0,0.2,JASMY-USD,COINBASE:JASMYUSD,coinbase,,https://www.tradingview.com/chart/?symbol=COINBASE%3AJASMYUSD,False,,-73.99684749958782,-34.46778986811035,0.00399,0.00341,0.0038277199999999997,0.32768361581920896,-35.05880701232503,2026-09-11 16:00,False,False,False,False,
EIGEN,EigenCloud (prev. EigenLayer),175.0,0.19,EIGEN-USD,COINBASE:EIGENUSD,coinbase,,https://www.tradingview.com/chart/?symbol=COINBASE%3AEIGENUSD,False,,-40.60016894769169,10.990983036130794,0.21455,0.166,0.18280556,0.6817862659738798,-13.486592837523219,2026-09-11 16:00,False,False,False,False,
GRT,The Graph,178.0,0.19,GRT-USD,COINBASE:GRTUSD,coinbase,,https://www.tradingview.com/chart/?symbol=COINBASE%3AGRTUSD,True,2026-09-11 12:00,-67.29732119225788,-61.86253881397479,0.017831,0.013013,0.014622048,0.7066588442358461,-32.97446602274514,2026-09-11 16:00,False,True,False,False,
CVX,Convex Finance,179.0,0.19,CVX-USD,COINBASE:CVXUSD,coinbase,,https://www.tradingview.com/chart/?symbol=COINBASE%3ACVXUSD,False,,-82.02567654110548,-54.110644131759926,2.08,1.257,1.5453919999999999,0.6734860883797055,41.842425647412426,2026-09-11 16:00,False,False,False,False,
WIF,dogwifhat,180.0,0.19,WIF-USD,COINBASE:WIFUSD,coinbase,,https://www.tradingview.com/chart/?symbol=COINBASE%3AWIFUSD,False,,-77.9723655670634,-61.50870626252819,0.19131,0.134,0.15528248,0.6355067642492793,1.9182885859447023,2026-09-11 16:00,False,False,False,False,
XCN,Onyxcoin,186.0,0.18,XCN-USD,COINBASE:XCNUSD,coinbase,,https://www.tradingview.com/chart/?symbol=COINBASE%3AXCNUSD,False,,-73.3718080454946,18.219767600233023,0.004449,0.002879,0.00324952,1.0,-28.017177572341314,2026-09-11 16:00,False,False,False,False,
2Z,DoubleZero,201.0,0.16,2Z-USD,COINBASE:2ZUSD,coinbase,,https://www.tradingview.com/chart/?symbol=COINBASE%3A2ZUSD,False,,-85.24140783637448,-62.494815729423244,0.04664,0.046,0.049388959999999996,0.044568245125348314,-55.4375331905465,2026-09-11 16:00,True,False,False,False,
PRL,Pearl,202.0,0.16,PRL-USD,COINBASE:PRLUSD,coinbase,,https://www.tradingview.com/chart/?symbol=COINBASE%3APRLUSD,False,,-63.780849836349546,-45.111074708970165,0.1131,0.10957,0.19008848,0.010346444691951479,3.215062131541032,2026-09-11 16:00,True,False,False,False,
AXS,Axie Infinity,205.0,0.16,AXS-USD,COINBASE:AXSUSD,coinbase,,https://www.tradingview.com/chart/?symbol=COINBASE%3AAXSUSD,False,,-79.74909630010548,-46.908646499076895,0.9152,0.813,0.8779,0.3716363636363637,-35.229295998676626,2026-09-11 16:00,False,False,False,False,
AKT,Akash Network,206.0,0.16,AKT-USD,COINBASE:AKTUSD,coinbase,,https://www.tradingview.com/chart/?symbol=COINBASE%3AAKTUSD,False,,-50.951323389719924,-49.44223678738774,0.5265,0.425,0.46750359999999996,0.563575791227096,-22.46334286620302,2026-09-11 16:00,False,False,False,False,
TRAC,OriginTrail,210.0,0.15,TRAC-USD,COINBASE:TRACUSD,coinbase,,https://www.tradingview.com/chart/?symbol=COINBASE%3ATRACUSD,False,,-64.01259539166061,7.793990643107744,0.3385,0.2524,0.291576,0.5186746987951808,-1.871376316864721,2026-09-11 16:00,False,False,False,False,
DRV,Derive,214.0,0.15,DRV-USD,COINBASE:DRVUSD,coinbase,,https://www.tradingview.com/chart/?symbol=COINBASE%3ADRVUSD,True,2026-09-11 12:00,-62.69106357919973,-57.51476663183641,0.14791,0.09134,0.1136892,0.5973600844772968,106.57782215814655,2026-09-11 16:00,False,True,False,False,
CHZ,Chiliz,217.0,0.14,CHZ-USD,COINBASE:CHZUSD,coinbase,,https://www.tradingview.com/chart/?symbol=COINBASE%3ACHZUSD,False,,-52.35487463007471,-40.48109839675455,0.013865,0.0118,0.012626,0.5900000000000003,-46.80655959371032,2026-09-11 16:00,False,False,False,False,
FARTCOIN,Fartcoin,219.0,0.14,FARTCOIN-USD,COINBASE:FARTCOINUSD,coinbase,,https://www.tradingview.com/chart/?symbol=COINBASE%3AFARTCOINUSD,False,,-82.87372027442402,-47.11773123785252,0.14387,0.1197,0.14264628000000001,0.24858582741952068,7.516481253696708,2026-09-11 16:00,False,False,False,False,
EGLD,MultiversX,220.0,0.14,EGLD-USD,COINBASE:EGLDUSD,coinbase,,https://www.tradingview.com/chart/?symbol=COINBASE%3AEGLDUSD,False,,-29.745290915555625,-29.745290915555625,4.5704,2.55,3.2002271999999996,0.7333042973286876,9.46455016066705,2026-09-11 16:00,False,False,False,False,
MANA,Decentraland,221.0,0.14,MANA-USD,COINBASE:MANAUSD,coinbase,,https://www.tradingview.com/chart/?symbol=COINBASE%3AMANAUSD,False,,-70.93299310634039,-48.80250430570657,0.072,0.0623,0.066548,0.5388888888888886,-17.62515333239649,2026-09-11 16:00,False,False,False,False,
KMNO,Kamino,223.0,0.14,KMNO-USD,COINBASE:KMNOUSD,coinbase,,https://www.tradingview.com/chart/?symbol=COINBASE%3AKMNOUSD,False,,-31.848398429187267,-21.90979049774263,0.02546,0.01752,0.02055968,0.6164596273291926,35.09209625920273,2026-09-11 16:00,False,False,False,False,
MINA,Mina Protocol,225.0,0.13,MINA-USD,COINBASE:MINAUSD,coinbase,,https://www.tradingview.com/chart/?symbol=COINBASE%3AMINAUSD,False,,46.534453882232434,67.02171168871055,0.1049,0.0379,0.053711999999999996,1.0,17.624361508602284,2026-09-11 16:00,False,False,False,False,
MET,Meteora,227.0,0.13,MET-USD,COINBASE:METUSD,coinbase,,https://www.tradingview.com/chart/?symbol=COINBASE%3AMETUSD,False,,54.74295727783632,93.51578964127236,0.2704,0.1518,0.18118199999999998,0.9526104417670681,52.84117365923837,2026-09-11 16:00,False,False,False,False,
APE,ApeCoin,228.0,0.13,APE-USD,COINBASE:APEUSD,coinbase,,https://www.tradingview.com/chart/?symbol=COINBASE%3AAPEUSD,False,,-75.23147187164808,-63.001690703108274,0.13342,0.12095,0.129741,0.3347651006711411,-3.6357278553231445,2026-09-11 16:00,False,False,False,False,
SKR,Seeker,234.0,0.13,SKR-USD,COINBASE:SKRUSD,coinbase,,https://www.tradingview.com/chart/?symbol=COINBASE%3ASKRUSD,True,2026-09-11 16:00,-65.24814125623872,-65.24814125623872,0.0178,0.00625,0.012471668000000002,0.43811402344194506,3.7231117994874907,2026-09-11 16:00,False,True,False,False,
1INCH,1INCH,237.0,0.13,1INCH-USD,COINBASE:1INCHUSD,coinbase,,https://www.tradingview.com/chart/?symbol=COINBASE%3A1INCHUSD,False,,-75.46486963226062,-44.6260992829049,0.09065,0.08,0.08415124,0.6054576463899941,23.601253607409166,2026-09-11 16:00,False,False,False,False,
SNX,Synthetix,240.0,0.12,SNX-USD,COINBASE:SNXUSD,coinbase,,https://www.tradingview.com/chart/?symbol=COINBASE%3ASNXUSD,False,,-80.06822183206236,-63.066407654189256,0.2072,0.18968,0.20354264,0.2982635342185905,-43.63223725634347,2026-09-11 16:00,False,False,False,False,
ZEN,Horizen,241.0,0.12,ZEN-USD,COINBASE:ZENUSD,coinbase,,https://www.tradingview.com/chart/?symbol=COINBASE%3AZENUSD,False,,-45.54601221225381,-44.4815781888882,6.576,3.782,4.666764,0.745265404107762,10.500158333022197,2026-09-11 16:00,False,False,False,False,
AWE,AWE Network,247.0,0.11,AWE-USD,COINBASE:AWEUSD,coinbase,,https://www.tradingview.com/chart/?symbol=COINBASE%3AAWEUSD,False,,-56.448138300655614,-42.52123923695796,0.05913,0.05367,0.05725012,0.3599208965062624,52.547255757080514,2026-09-11 16:00,False,False,False,False,
ZAMA,Zama,249.0,0.11,ZAMA-USD,COINBASE:ZAMAUSD,coinbase,,https://www.tradingview.com/chart/?symbol=COINBASE%3AZAMAUSD,False,,-66.58131782027674,-52.031520852486516,0.04612,0.04017,0.045777359999999996,0.25042087542087554,71.51110900118273,2026-09-11 16:00,False,False,False,False,
TRX,TRON,8.0,32.09,TRX-USD,CRYPTO:TRXUSD,yahoo,,https://www.tradingview.com/chart/?symbol=CRYPTO%3ATRXUSD,False,,-13.078358912267078,-13.078358912267078,0.33679094910621643,0.3216201066970825,0.32755353760719297,0.6034145948265439,27.808159757781823,2026-09-11 16:00,False,False,False,False,
XMR,Monero,15.0,9.69,XMR-USD,CRYPTO:XMRUSD,yahoo,,https://www.tradingview.com/chart/?symbol=CRYPTO%3AXMRUSD,False,,-6.83183185930097,14.661812972980975,518.026611328125,349.96759033203125,398.792423828125,0.8123310642370403,60.75439011470889,2026-09-11 16:00,False,False,False,False,
WBT,WhiteBIT Coin,16.0,9.44,WBT-USD,CRYPTO:WBTUSD,yahoo,,https://www.tradingview.com/chart/?symbol=CRYPTO%3AWBTUSD,False,,-9.442214612215002,4.655299643430014,80.44682312011719,54.3264274597168,60.86801734924316,0.9423417670563901,73.57479808638408,2026-09-11 16:00,False,False,False,False,
LEO,LEO Token,18.0,8.42,LEO-USD,CRYPTO:LEOUSD,yahoo,,https://www.tradingview.com/chart/?symbol=CRYPTO%3ALEOUSD,True,2026-09-11 12:00,-72.88731940533673,-68.117458453523,9.156806945800781,8.764300346374512,9.00835707473755,0.3795492879295224,-28.431965086011697,2026-09-11 16:00,False,True,False,False,
GRAM,Gram (prev. Toncoin),27.0,3.79,GRAM-USD,CRYPTO:GRAMUSD,yahoo,,https://www.tradingview.com/chart/?symbol=CRYPTO%3AGRAMUSD,False,,-73.89702459879608,-51.46437940908336,1.3622941970825195,1.3048468828201294,1.3593984026908874,0.24852774401234431,30.077887949561784,2026-09-11 16:00,False,False,False,False,
M,MemeCore,38.0,2.69,M-USD,CRYPTO:MUSD,yahoo,,https://www.tradingview.com/chart/?symbol=CRYPTO%3AMUSD,False,,-25.325338401730136,-21.165272254813527,0.00028283934807404876,0.00023752196284476668,0.0002619674733723514,0.4374996751261248,28.43106039043201,2026-09-11 16:00,False,False,False,False,
OKB,OKB,42.0,2.37,OKB-USD,CRYPTO:OKBUSD,yahoo,,https://www.tradingview.com/chart/?symbol=CRYPTO%3AOKBUSD,False,,-74.54869515953813,-36.16420052705356,113.5318374633789,84.2730941772461,92.34196356201171,0.8557659179072105,68.0058521049808,2026-09-11 16:00,False,False,False,False,
MNT,Mantle,46.0,1.91,MNT-USD,CRYPTO:MNTUSD,yahoo,,https://www.tradingview.com/chart/?symbol=CRYPTO%3AMNTUSD,False,,-57.45434236730555,-43.02053906009096,0.000153535176650621,0.00015031520160846412,0.2566887624944793,2.9621841013229694e-06,-19.599344403434507,2026-09-11 16:00,True,False,False,False,
HTX,HTX DAO,55.0,1.5,HTX-USD,CRYPTO:HTXUSD,yahoo,,https://www.tradingview.com/chart/?symbol=CRYPTO%3AHTXUSD,False,,-21.215861811538293,-21.215861811538293,1.6694590385668562e-06,1.5996804449969204e-06,1.6538567629140744e-06,0.3039658049055163,-4.3657327831218895,2026-09-11 16:00,False,False,False,False,
BGB,Bitget Token,63.0,1.35,BGB-USD,CRYPTO:BGBUSD,yahoo,,https://www.tradingview.com/chart/?symbol=CRYPTO%3ABGBUSD,False,,-76.29376946743393,-51.018923029885144,1.9190144538879395,1.5806649923324585,1.6885270962715149,0.740301459094569,2.260884278856319,2026-09-11 16:00,False,False,False,False,
GT,Gate,73.0,1.01,GT-USD,CRYPTO:GTUSD,yahoo,,https://www.tradingview.com/chart/?symbol=CRYPTO%3AGTUSD,False,,7.386371586418996,36.764048137647904,9.346508026123047,6.429701805114746,7.1437446327209475,0.964040589085781,45.56310194635762,2026-09-11 16:00,False,False,False,False,
KAS,Kaspa,74.0,0.98,KAS-USD,CRYPTO:KASUSD,yahoo,,https://www.tradingview.com/chart/?symbol=CRYPTO%3AKASUSD,False,,-9.341216229497432,-9.341216229497432,0.03590238094329834,0.025074053555727005,0.028223799586296082,0.8113305767084737,-23.648885866330385,2026-09-11 16:00,False,False,False,False,
KCS,KuCoin,76.0,0.95,KCS-USD,CRYPTO:KCSUSD,yahoo,,https://www.tradingview.com/chart/?symbol=CRYPTO%3AKCSUSD,False,,-75.00606391762386,-35.720255257119966,7.004362106323242,6.434211254119873,6.777363693237304,0.3921161145351739,-21.738481746549947,2026-09-11 16:00,False,False,False,False,
JST,JUST,80.0,0.87,JST-USD,CRYPTO:JSTUSD,yahoo,,https://www.tradingview.com/chart/?symbol=CRYPTO%3AJSTUSD,False,,-45.219831726895656,-42.354149400674494,0.10496301203966141,0.09435947239398956,0.09857443833351136,0.5937023910239403,52.29385747288981,2026-09-11 16:00,False,False,False,False,
NEXO,NEXO,83.0,0.83,NEXO-USD,CRYPTO:NEXOUSD,yahoo,,https://www.tradingview.com/chart/?symbol=CRYPTO%3ANEXOUSD,False,,-39.9484309458792,-39.9484309458792,0.8337068557739258,0.6999059915542603,0.7424963042736054,0.7414128222988691,-6.055560265083421,2026-09-11 16:00,False,False,False,False,
JUP,Jupiter,84.0,0.81,JUP-USD,CRYPTO:JUPUSD,yahoo,,https://www.tradingview.com/chart/?symbol=CRYPTO%3AJUPUSD,False,,-62.200368993465965,-12.398705898593917,0.0003361038106959313,6.321207820292329e-06,0.00010594514198055549,0.7812248626263768,24.10772571209759,2026-09-11 16:00,False,False,False,False,
GHO,GHO,91.0,0.7,GHO-USD,CRYPTO:GHOUSD,yahoo,,https://www.tradingview.com/chart/?symbol=CRYPTO%3AGHOUSD,False,,-9.27855428647167,4.28018661951732,0.9987799525260925,0.9854806661605835,0.9887971148490906,0.9463832783352986,-18.527965017345306,2026-09-11 16:00,False,False,False,False,
BDX,Beldex,96.0,0.6,BDX-USD,CRYPTO:BDXUSD,yahoo,,https://www.tradingview.com/chart/?symbol=CRYPTO%3ABDXUSD,False,,-24.717854461790655,-2.9546371207525475,0.07682701200246811,0.07539531588554382,0.07959388533234596,0.08047509702417323,-14.251632729112153,2026-09-11 16:00,True,False,False,False,
XDC,XDC Network,99.0,0.56,XDC-USD,CRYPTO:XDCUSD,yahoo,,https://www.tradingview.com/chart/?symbol=CRYPTO%3AXDCUSD,True,2026-09-11 12:00,-62.91961371194876,-62.137098573446394,0.027992481365799904,0.02588830515742302,0.027030373625457287,0.43481244695571514,-26.681690809499433,2026-09-11 16:00,False,True,False,False,
YLDS,YLDS,103.0,0.53,YLDS-USD,CRYPTO:YLDSUSD,yahoo,,https://www.tradingview.com/chart/?symbol=CRYPTO%3AYLDSUSD,False,,-48.14964293928781,-48.14964293928781,0.9998423457145691,0.9996261596679688,0.9997889113426208,0.31348314606741573,93.84688642662555,2026-09-11 16:00,False,False,False,False,
A7A5,A7A5,113.0,0.46,A7A5-USD,CRYPTO:A7A5USD,yahoo,,https://www.tradingview.com/chart/?symbol=CRYPTO%3AA7A5USD,False,,25.634969071585573,25.634969071585573,0.011732146143913269,0.011326009407639503,0.011582952339202165,0.37303330034293475,-53.06560682520408,2026-09-11 16:00,False,False,False,False,
NIGHT,Midnight,123.0,0.35,NIGHT-USD,CRYPTO:NIGHTUSD,yahoo,,https://www.tradingview.com/chart/?symbol=CRYPTO%3ANIGHTUSD,False,,-84.98653017503302,-77.81377770076595,0.0207732655107975,0.016832558438181877,0.018618660919368268,0.5206906540544891,-55.15821534390184,2026-09-11 16:00,False,False,False,False,
PIEVERSE,Pieverse,126.0,0.34,PIEVERSE-USD,CRYPTO:PIEVERSEUSD,yahoo,,https://www.tradingview.com/chart/?symbol=CRYPTO%3APIEVERSEUSD,False,,-26.053278441721627,-26.053278441721627,1.22224760055542,0.6355244517326355,0.797269921541214,0.856077535191859,67.44241968117497,2026-09-11 16:00,False,False,False,False,
BSV,Bitcoin SV,128.0,0.33,BSV-USD,CRYPTO:BSVUSD,yahoo,,https://www.tradingview.com/chart/?symbol=CRYPTO%3ABSVUSD,False,,-63.216295274032404,-19.118562303380873,16.438283920288086,12.345193862915039,13.795743019104004,0.6659334841694955,38.59490633096207,2026-09-11 16:00,False,False,False,False,
SUN,Sun Token,130.0,0.32,SUN-USD,CRYPTO:SUNUSD,yahoo,,https://www.tradingview.com/chart/?symbol=CRYPTO%3ASUNUSD,False,,-30.461438713665558,-30.461438713665558,0.016654985025525093,0.01602422446012497,0.016559926010668278,0.27787766020735977,-40.874941464001424,2026-09-11 16:00,False,False,False,False,
BTT,BitTorrent,132.0,0.32,BTT-USD,CRYPTO:BTTUSD,yahoo,,https://www.tradingview.com/chart/?symbol=CRYPTO%3ABTTUSD,False,,18.845924822371657,23.42542877377491,3.2274931527354056e-07,2.5572356321390544e-07,2.7252024153767707e-07,0.9417384307281298,-72.82686973550031,2026-09-11 16:00,False,False,True,False,
AKE,Akedo,135.0,0.32,AKE-USD,CRYPTO:AKEUSD,yahoo,,https://www.tradingview.com/chart/?symbol=CRYPTO%3AAKEUSD,True,2026-09-11 12:00,-56.06317072562705,-56.06317072562705,0.014064569026231766,0.0037533841095864773,0.007545348780229688,0.641735841888927,101.53384042509383,2026-09-11 16:00,False,False,False,False,
OHM,Olympus,139.0,0.3,OHM-USD,CRYPTO:OHMUSD,yahoo,,https://www.tradingview.com/chart/?symbol=CRYPTO%3AOHMUSD,False,,-39.868709475974605,9.156049780613245,20.43845558166504,17.970178604125977,18.599544647216796,0.9255557605848771,40.586132460891285,2026-09-11 16:00,False,False,False,False,
LUNC,Terra Luna Classic,142.0,0.28,LUNC-USD,CRYPTO:LUNCUSD,yahoo,,https://www.tradingview.com/chart/?symbol=CRYPTO%3ALUNCUSD,False,,-67.97642147154974,-40.89615692153544,5.063359276391566e-05,4.646970410249196e-05,5.043356840906199e-05,0.24790902212954738,-34.40235001703604,2026-09-11 16:00,False,False,False,False,
DCR,Decred,146.0,0.27,DCR-USD,CRYPTO:DCRUSD,yahoo,,https://www.tradingview.com/chart/?symbol=CRYPTO%3ADCRUSD,False,,-52.70284289913396,-41.30246616972146,16.036680221557617,10.51681900024414,12.12580776977539,0.8096310383878534,-0.8475941815070934,2026-09-11 16:00,False,False,False,False,
REAL,RealLink,151.0,0.25,REAL-USD,CRYPTO:REALUSD,yahoo,,https://www.tradingview.com/chart/?symbol=CRYPTO%3AREALUSD,False,,-79.8290068528857,-40.15285347141293,0.0045763528905808926,0.004376360680907965,0.004693634463474154,0.14876161875418897,8.349216018154207,2026-09-11 16:00,True,False,False,False,
CFX,Conflux,152.0,0.24,CFX-USD,CRYPTO:CFXUSD,yahoo,,https://www.tradingview.com/chart/?symbol=CRYPTO%3ACFXUSD,False,,-90.01716529100013,-57.98233392354873,0.046987053006887436,0.03798830881714821,0.041343776762485504,0.6329083345080146,-16.879667547611145,2026-09-11 16:00,False,False,False,False,
KAG,Kinesis Silver,156.0,0.24,KAG-USD,CRYPTO:KAGUSD,yahoo,,https://www.tradingview.com/chart/?symbol=CRYPTO%3AKAGUSD,False,,-63.535037701900364,-63.535037701900364,42.90625762939453,42.90625762939453,48.90697427368164,0.0,-54.7784122186402,2026-09-11 16:00,True,False,False,False,
KOGE,KOGE,159.0,0.23,KOGE-USD,CRYPTO:KOGEUSD,yahoo,,https://www.tradingview.com/chart/?symbol=CRYPTO%3AKOGEUSD,False,,-19.85418560308678,-18.61813144128976,69.26145935058594,49.676551818847656,54.55062017822266,0.9482916193819892,19.654086941464097,2026-09-11 16:00,False,False,False,False,
TWT,Trust Wallet,161.0,0.23,TWT-USD,CRYPTO:TWTUSD,yahoo,,https://www.tradingview.com/chart/?symbol=CRYPTO%3ATWTUSD,False,,-58.20208047886919,-39.507693735355645,0.5582723617553711,0.35907870531082153,0.42619901514053343,0.7003797068306153,30.55175035250871,2026-09-11 16:00,False,False,False,False,
EURCV,EUR CoinVertible,177.0,0.19,EURCV-USD,CRYPTO:EURCVUSD,yahoo,,https://www.tradingview.com/chart/?symbol=CRYPTO%3AEURCVUSD,False,,-50.829007187431465,-50.829007187431465,1.1593899726867676,1.1432974338531494,1.1501866545677184,0.5512726797535089,15.796908187790256,2026-09-11 16:00,False,False,False,False,
THETA,Theta Network,181.0,0.19,THETA-USD,CRYPTO:THETAUSD,yahoo,,https://www.tradingview.com/chart/?symbol=CRYPTO%3ATHETAUSD,False,,-75.0023146332965,10.553765008118548,0.19159679114818573,0.12315765023231506,0.14067471355199815,0.9220516567977844,2.172792641254327,2026-09-11 16:00,False,False,False,False,
B,BUILDon,182.0,0.19,B-USD,CRYPTO:BUSD,yahoo,,https://www.tradingview.com/chart/?symbol=CRYPTO%3ABUSD,False,,8.414395972200204,8.414395972200204,0.188160240650177,0.12594424188137054,0.14463501274585724,0.7855735761726467,-41.759692614514556,2026-09-11 16:00,False,False,False,False,
KAIA,Kaia,183.0,0.19,KAIA-USD,CRYPTO:KAIAUSD,yahoo,,https://www.tradingview.com/chart/?symbol=CRYPTO%3AKAIAUSD,False,,-64.26433346941336,-44.25828689723996,0.02930017188191414,0.022123437374830246,0.024835227370262145,0.6245724582378828,-47.893454742671544,2026-09-11 16:00,False,False,False,False,
USAT,USAT,184.0,0.18,USAT-USD,CRYPTO:USATUSD,yahoo,,https://www.tradingview.com/chart/?symbol=CRYPTO%3AUSATUSD,False,,-17.50945671590676,14.872025465497591,0.9991270303726196,0.9978633522987366,0.9983672354221343,0.5918595237430557,19.664798775545844,2026-09-11 16:00,False,False,False,False,
IOTA,IOTA,187.0,0.18,IOTA-USD,CRYPTO:IOTAUSD,yahoo,,https://www.tradingview.com/chart/?symbol=CRYPTO%3AIOTAUSD,False,,-57.11935642132903,-49.60064515784529,0.0396740660071373,0.03151498734951019,0.0352657233029604,0.5133772643816052,-27.20243537109506,2026-09-11 16:00,False,False,False,False,
ZBCN,Zebec Network,188.0,0.18,ZBCN-USD,CRYPTO:ZBCNUSD,yahoo,,https://www.tradingview.com/chart/?symbol=CRYPTO%3AZBCNUSD,False,,-7.9920777038317405,4.739761769855487,0.0018315876368433237,0.001555507886223495,0.0016976166567765176,0.4584855733585385,-45.8829088058798,2026-09-11 16:00,False,False,False,False,
ULTIMA,Ultima,189.0,0.17,ULTIMA-USD,CRYPTO:ULTIMAUSD,yahoo,,https://www.tradingview.com/chart/?symbol=CRYPTO%3AULTIMAUSD,False,,-55.2277807166623,-32.36585262171515,2059.370849609375,2002.15771484375,2146.6995908203126,0.0934144497119776,-40.33110619220767,2026-09-11 16:00,True,False,False,False,
CASHCAT,Cash Cat,190.0,0.17,CASHCAT-USD,CRYPTO:CASHCATUSD,yahoo,,https://www.tradingview.com/chart/?symbol=CRYPTO%3ACASHCATUSD,False,,-55.19488112425972,-17.488963298862362,0.18221066892147064,0.03574789687991142,0.09797198100388049,0.5554957487673693,158.88867324521652,2026-09-11 16:00,False,False,False,False,
TEL,Telcoin,192.0,0.17,TEL-USD,CRYPTO:TELUSD,yahoo,,https://www.tradingview.com/chart/?symbol=CRYPTO%3ATELUSD,False,,-24.50109120943789,-22.607776301554868,0.001761358929798007,0.0013905238592997193,0.0015253789951093495,0.6489710318570322,-50.444002175420316,2026-09-11 16:00,False,False,False,False,
AR,Arweave,193.0,0.17,AR-USD,CRYPTO:ARUSD,yahoo,,https://www.tradingview.com/chart/?symbol=CRYPTO%3AARUSD,False,,-70.63810961168684,-55.20412513975756,2.5942020416259766,1.7084839344024658,2.0462501792907712,0.61885838643785,15.158898624677471,2026-09-11 16:00,False,False,False,False,
BORG,SwissBorg,195.0,0.17,BORG-USD,CRYPTO:BORGUSD,yahoo,,https://www.tradingview.com/chart/?symbol=CRYPTO%3ABORGUSD,True,2026-09-11 12:00,-79.03641529577315,-67.23668182502335,0.17243744432926178,0.1383621245622635,0.15022732651233672,0.6777613646063526,-10.032144861065275,2026-09-11 16:00,False,True,False,False,
RUNE,THORChain,197.0,0.17,RUNE-USD,CRYPTO:RUNEUSD,yahoo,,https://www.tradingview.com/chart/?symbol=CRYPTO%3ARUNEUSD,False,,27.808194273074054,57.03593965194523,0.5168920159339905,0.3954252600669861,0.44600208020210264,0.5667844342137577,40.168524215691406,2026-09-11 16:00,False,False,False,False,
H,Humanity,198.0,0.16,H-USD,CRYPTO:HUSD,yahoo,,https://www.tradingview.com/chart/?symbol=CRYPTO%3AHUSD,False,,17.44905062536154,39.55615148358009,0.08407937735319138,0.06212186440825462,0.086736860409379,0.2105209789499201,-23.163255776722718,2026-09-11 16:00,True,False,False,False,
MX,MX,199.0,0.16,MX-USD,CRYPTO:MXUSD,yahoo,,https://www.tradingview.com/chart/?symbol=CRYPTO%3AMXUSD,False,,12.97884789311542,17.849698056432,1.7861744165420532,1.5832772254943848,1.6334300894737244,0.9547557863689577,-16.283951643261073,2026-09-11 16:00,False,False,False,False,
STRCX,Strategy PP Variable xStock,208.0,0.16,STRCX-USD,CRYPTO:STRCXUSD,yahoo,,https://www.tradingview.com/chart/?symbol=CRYPTO%3ASTRCXUSD,False,,5.568722314305043,5.568722314305043,105.9776840209961,89.47319030761719,93.38461590576172,0.9958160825569908,1.7967542331919144,2026-09-11 16:00,False,False,False,False,
BTSE,BTSE Token,209.0,0.15,BTSE-USD,CRYPTO:BTSEUSD,yahoo,,https://www.tradingview.com/chart/?symbol=CRYPTO%3ABTSEUSD,False,,35.955387206001404,74.57615857259965,0.9478836059570312,0.6865306496620178,0.7522023992538452,0.939205945767873,-56.641812793705874,2026-09-11 16:00,False,False,False,False,
SHFL,Shuffle,211.0,0.15,SHFL-USD,CRYPTO:SHFLUSD,yahoo,,https://www.tradingview.com/chart/?symbol=CRYPTO%3ASHFLUSD,False,,10.348461761406552,34.84217343636395,0.3139698803424835,0.2670239210128784,0.2809969259500503,0.7929036346586439,22.283612829194407,2026-09-11 16:00,False,False,False,False,
NEO,NEO,213.0,0.15,NEO-USD,CRYPTO:NEOUSD,yahoo,,https://www.tradingview.com/chart/?symbol=CRYPTO%3ANEOUSD,False,,-44.16374177824346,-26.35400087059503,2.136265277862549,1.650756597518921,1.8041294994354249,0.7470684008018149,-26.85604366885646,2026-09-11 16:00,False,False,False,False,
XEC,eCash,216.0,0.15,XEC-USD,CRYPTO:XECUSD,yahoo,,https://www.tradingview.com/chart/?symbol=CRYPTO%3AXECUSD,False,,-31.754054899850356,-14.039833715534678,7.4108024818997364e-06,5.829871952300891e-06,6.331627973850118e-06,0.7435876979280518,11.012432239699185,2026-09-11 16:00,False,False,False,False,
ANTFUN,AntFun,215.0,0.15,ANTFUN-USD,CRYPTO:ANTFUNUSD,yahoo,,https://www.tradingview.com/chart/?symbol=CRYPTO%3AANTFUNUSD,False,,-7.513279326013179,-7.513279326013179,0.07803863286972046,0.039276495575904846,0.04940364468097687,0.9033010481458126,97.31859674930132,2026-09-11 16:00,False,False,False,False,
GOMINING,GoMining Token,218.0,0.14,GOMINING-USD,CRYPTO:GOMININGUSD,yahoo,,https://www.tradingview.com/chart/?symbol=CRYPTO%3AGOMININGUSD,False,,-42.46658177208797,-36.53830167107672,0.35862916707992554,0.2570944130420685,0.2871371202468872,0.7976046163073754,51.07274379864958,2026-09-11 16:00,False,False,False,False,
SFP,SafePal,230.0,0.13,SFP-USD,CRYPTO:SFPUSD,yahoo,,https://www.tradingview.com/chart/?symbol=CRYPTO%3ASFPUSD,False,,-66.77633959910564,-56.13901391784173,0.2620227336883545,0.20072810351848602,0.22236993712186814,0.6684060595414769,8.048371809276682,2026-09-11 16:00,False,False,False,False,
RAIL,Railgun,231.0,0.13,RAIL-USD,CRYPTO:RAILUSD,yahoo,,https://www.tradingview.com/chart/?symbol=CRYPTO%3ARAILUSD,False,,-71.87708190439035,-28.23277509501199,2.1822433471679688,1.355059027671814,1.5961226725578308,0.8098089593451435,-0.6764387006407032,2026-09-11 16:00,False,False,False,False,
RLB,Rollbit Coin,236.0,0.13,RLB-USD,CRYPTO:RLBUSD,yahoo,,https://www.tradingview.com/chart/?symbol=CRYPTO%3ARLBUSD,False,,-0.8561138088632999,-0.8561138088632999,0.08006185293197632,0.06305469572544098,0.06810501945018768,0.7947389750631568,67.10554623330152,2026-09-11 16:00,False,False,False,False,
OZO,Ozone Chain,238.0,0.13,OZO-USD,CRYPTO:OZOUSD,yahoo,,https://www.tradingview.com/chart/?symbol=CRYPTO%3AOZOUSD,False,,-36.944413487262494,-15.993039994055659,0.13062307238578796,0.12962272763252258,0.1300390139222145,0.5671129883843717,-12.888404049834167,2026-09-11 16:00,False,False,False,False,
